txn_id,post_date,card_last4,merchant_name,mcc,amount,currency,statement_memo
R-2001,2026-09-01,4821,GITHUB INC,5734,84.00,USD,GITHUB INC 2001
R-2002,2026-09-02,4821,AMAZON WEB SERVICES,7372,"1,420.55",USD,AMAZON WEB SERVICES 2002
R-2003,2026-09-03,4821,JETBRAINS,5734,249.00,USD,JETBRAINS 2003
R-2004,2026-09-09,4821,UDEMY,8299,49.99,USD,UDEMY 2004
R-2005,2026-09-10,4821,UBER,4121,28.40,USD,UBER 2005
R-2006,2026-09-10,4821,MARRIOTT DENVER,7011,486.00,USD,MARRIOTT DENVER 2006
R-2007,2026-09-11,4821,DELTA AIR LINES,4511,412.30,USD,DELTA AIR LINES 2007
R-2008,2026-09-16,4821,STAPLES,5943,132.75,USD,STAPLES 2008
R-2009,2026-09-17,4821,DATADOG,5734,340.00,USD,DATADOG 2009
R-2010,2026-09-22,4821,O'REILLY MEDIA,8299,39.99,USD,O'REILLY MEDIA 2010
R-2011,2026-09-24,4821,UBER,4121,31.20,USD,UBER 2011
R-2012,2026-09-02,7734,DELTA AIR LINES,4511,684.20,USD,DELTA AIR LINES 2012
R-2013,2026-09-03,7734,HILTON CHICAGO,7011,536.00,USD,HILTON CHICAGO 2013
R-2014,2026-09-03,7734,THE CAPITAL GRILLE,5812,312.75,USD,THE CAPITAL GRILLE 2014
R-2015,2026-09-04,7734,LYFT,4121,41.60,USD,LYFT 2015
R-2016,2026-09-08,7734,SALESFORCE,5734,300.00,USD,SALESFORCE 2016
R-2017,2026-09-15,7734,PANERA BREAD,5812,96.40,USD,PANERA BREAD 2017
R-2018,2026-09-17,7734,ZOOM VIDEO,5734,149.90,USD,ZOOM VIDEO 2018
R-2019,2026-09-21,7734,UNITED AIRLINES,4511,"1,120.00",USD,UNITED AIRLINES 2019
R-2020,2026-09-23,7734,STAPLES,5943,64.30,USD,STAPLES 2020
R-2021,2026-09-25,7734,SHELL OIL,5541,58.10,USD,SHELL OIL 2021
R-2022,2026-09-11,7734,MGM GRAND CASINO,7995,500.00,USD,MGM GRAND LAS VEGAS
R-2023,2026-09-18,7734,THE DRUNKEN PIG,5813,386.00,USD,THE DRUNKEN PIG 2023
R-2024,2026-09-01,1190,CANVA,5734,119.99,USD,CANVA 2024
R-2025,2026-09-02,1190,HUBSPOT,5734,450.00,USD,HUBSPOT 2025
R-2026,2026-09-08,1190,FACEBOOK ADS,7311,"1,750.00",USD,FACEBOOK ADS 2026
R-2027,2026-09-09,1190,FACEBOOK ADS,7311,(250.00),USD,FACEBOOK ADS 2027
R-2028,2026-09-14,1190,LINKEDIN ADS,7311,"1,200.00",USD,LINKEDIN ADS 2028
R-2029,2026-09-15,1190,VISTAPRINT,5943,212.40,USD,VISTAPRINT 2029
R-2030,2026-09-17,1190,PANERA BREAD,5812,88.20,USD,PANERA BREAD 2030
R-2031,2026-09-18,1190,ADOBE,5734,599.88,USD,ADOBE 2031
R-2032,2026-09-23,1190,EVENTBRITE,8299,79.00,USD,EVENTBRITE 2032
R-2033,2026-09-14,1190,TIFFANY & CO,5944,890.00,USD,TIFFANY & CO 2033
R-2034,2026-09-01,3306,HOME DEPOT,5251,342.18,USD,HOME DEPOT 2034
R-2035,2026-09-03,3306,GRAINGER,5085,"2,240.00",USD,GRAINGER 2035
R-2036,2026-09-08,3306,HOME DEPOT,5251,128.40,USD,HOME DEPOT 2036
R-2037,2026-09-10,3306,SHELL OIL,5541,74.20,USD,SHELL OIL 2037
R-2038,2026-09-15,3306,FASTENAL,5085,615.50,USD,FASTENAL 2038
R-2039,2026-09-17,3306,LOWES,5251,89.60,USD,LOWES 2039
R-2040,2026-09-21,3306,ULINE,5943,412.00,USD,ULINE 2040
R-2041,2026-09-23,3306,SHELL OIL,5541,68.75,USD,SHELL OIL 2041
R-2042,2026-09-25,3306,GRAINGER,5085,"1,180.00",USD,GRAINGER 2042
R-2043,2026-09-02,9052,ZOOM VIDEO,5734,149.90,USD,ZOOM VIDEO 2043
R-2044,2026-09-09,9052,CFI EDUCATION,8299,199.00,USD,CFI EDUCATION 2044
R-2045,2026-09-11,9052,STAPLES,5943,96.30,USD,STAPLES 2045
R-2046,2026-09-15,9052,APPLE STORE,5045,899.00,USD,APPLE STORE 2046
R-2047,2026-09-22,9052,NOTION,5734,160.00,USD,NOTION 2047
R-2048,2026-09-24,9052,AMAZON MKTPLACE,5999,187.40,USD,AMAZON MKTPLACE 2048
R-2049,2026-09-16,6618,SHELL OIL,5541,62.10,USD,SHELL OIL 2049
R-2050,2026-09-25,4821,CLOUDFLARE,5734,200.00,USD,CLOUDFLARE 2050
R-2051,2026-09-15,4821,CVS PHARMACY,5912,N/A,USD,CVS 09912
R-2052,not-a-date,4821,STARBUCKS,5814,8.75,USD,STARBUCKS 1234
R-2053,2026-09-15,0000,UNKNOWN MERCHANT LLC,5999,75.00,USD,UNKNOWN MERCHANT
R-2054,2026-09-23,1190,,5999,45.00,USD,
R-2055,2026-09-25,4821,LUFTHANSA,4511,540.00,EUR,LUFTHANSA FRANKFURT
R-2001,2026-09-28,4821,GITHUB INC,5734,84.00,USD,GITHUB.COM SAN FRANCISCO CA
