journal_id,line_no,posting_date,gl_account,gl_account_name,cost_center,debit,credit,currency,description,txn_id,employee_id,audit_status
PCARD-202609-53959Z,1,2026-09-01,6210,Software & Subscriptions,4100,84.00,0.00,USD,GITHUB INC | R-2001,R-2001,E1001,APPROVED
PCARD-202609-53959Z,2,2026-09-01,2100,P-Card Clearing Liability,4100,0.00,84.00,USD,GITHUB INC | R-2001,R-2001,E1001,APPROVED
PCARD-202609-53959Z,3,2026-09-02,1450,Employee Receivable - Unapproved P-Card,4100,1420.55,0.00,USD,AMAZON WEB SERVICES | R-2002,R-2002,E1001,FLAGGED
PCARD-202609-53959Z,4,2026-09-02,2100,P-Card Clearing Liability,4100,0.00,1420.55,USD,AMAZON WEB SERVICES | R-2002,R-2002,E1001,FLAGGED
PCARD-202609-53959Z,5,2026-09-03,6210,Software & Subscriptions,4100,249.00,0.00,USD,JETBRAINS | R-2003,R-2003,E1001,APPROVED
PCARD-202609-53959Z,6,2026-09-03,2100,P-Card Clearing Liability,4100,0.00,249.00,USD,JETBRAINS | R-2003,R-2003,E1001,APPROVED
PCARD-202609-53959Z,7,2026-09-09,6220,Training & Education,4100,49.99,0.00,USD,UDEMY | R-2004,R-2004,E1001,APPROVED
PCARD-202609-53959Z,8,2026-09-09,2100,P-Card Clearing Liability,4100,0.00,49.99,USD,UDEMY | R-2004,R-2004,E1001,APPROVED
PCARD-202609-53959Z,9,2026-09-10,6322,Ground Transportation,4100,28.40,0.00,USD,UBER | R-2005,R-2005,E1001,APPROVED
PCARD-202609-53959Z,10,2026-09-10,2100,P-Card Clearing Liability,4100,0.00,28.40,USD,UBER | R-2005,R-2005,E1001,APPROVED
PCARD-202609-53959Z,11,2026-09-10,6321,Lodging,4100,486.00,0.00,USD,MARRIOTT DENVER | R-2006,R-2006,E1001,APPROVED
PCARD-202609-53959Z,12,2026-09-10,2100,P-Card Clearing Liability,4100,0.00,486.00,USD,MARRIOTT DENVER | R-2006,R-2006,E1001,APPROVED
PCARD-202609-53959Z,13,2026-09-11,6320,Airfare,4100,412.30,0.00,USD,DELTA AIR LINES | R-2007,R-2007,E1001,APPROVED
PCARD-202609-53959Z,14,2026-09-11,2100,P-Card Clearing Liability,4100,0.00,412.30,USD,DELTA AIR LINES | R-2007,R-2007,E1001,APPROVED
PCARD-202609-53959Z,15,2026-09-16,6110,Office Supplies,4100,132.75,0.00,USD,STAPLES | R-2008,R-2008,E1001,APPROVED
PCARD-202609-53959Z,16,2026-09-16,2100,P-Card Clearing Liability,4100,0.00,132.75,USD,STAPLES | R-2008,R-2008,E1001,APPROVED
PCARD-202609-53959Z,17,2026-09-17,6210,Software & Subscriptions,4100,340.00,0.00,USD,DATADOG | R-2009,R-2009,E1001,APPROVED
PCARD-202609-53959Z,18,2026-09-17,2100,P-Card Clearing Liability,4100,0.00,340.00,USD,DATADOG | R-2009,R-2009,E1001,APPROVED
PCARD-202609-53959Z,19,2026-09-22,6220,Training & Education,4100,39.99,0.00,USD,O'REILLY MEDIA | R-2010,R-2010,E1001,APPROVED
PCARD-202609-53959Z,20,2026-09-22,2100,P-Card Clearing Liability,4100,0.00,39.99,USD,O'REILLY MEDIA | R-2010,R-2010,E1001,APPROVED
PCARD-202609-53959Z,21,2026-09-24,6322,Ground Transportation,4100,31.20,0.00,USD,UBER | R-2011,R-2011,E1001,APPROVED
PCARD-202609-53959Z,22,2026-09-24,2100,P-Card Clearing Liability,4100,0.00,31.20,USD,UBER | R-2011,R-2011,E1001,APPROVED
PCARD-202609-53959Z,23,2026-09-02,6320,Airfare,5200,684.20,0.00,USD,DELTA AIR LINES | R-2012,R-2012,E1002,APPROVED
PCARD-202609-53959Z,24,2026-09-02,2100,P-Card Clearing Liability,5200,0.00,684.20,USD,DELTA AIR LINES | R-2012,R-2012,E1002,APPROVED
PCARD-202609-53959Z,25,2026-09-03,6321,Lodging,5200,536.00,0.00,USD,HILTON CHICAGO | R-2013,R-2013,E1002,APPROVED
PCARD-202609-53959Z,26,2026-09-03,2100,P-Card Clearing Liability,5200,0.00,536.00,USD,HILTON CHICAGO | R-2013,R-2013,E1002,APPROVED
PCARD-202609-53959Z,27,2026-09-03,6310,Meals,5200,312.75,0.00,USD,THE CAPITAL GRILLE | R-2014,R-2014,E1002,APPROVED
PCARD-202609-53959Z,28,2026-09-03,2100,P-Card Clearing Liability,5200,0.00,312.75,USD,THE CAPITAL GRILLE | R-2014,R-2014,E1002,APPROVED
PCARD-202609-53959Z,29,2026-09-04,6322,Ground Transportation,5200,41.60,0.00,USD,LYFT | R-2015,R-2015,E1002,APPROVED
PCARD-202609-53959Z,30,2026-09-04,2100,P-Card Clearing Liability,5200,0.00,41.60,USD,LYFT | R-2015,R-2015,E1002,APPROVED
PCARD-202609-53959Z,31,2026-09-08,6210,Software & Subscriptions,5200,300.00,0.00,USD,SALESFORCE | R-2016,R-2016,E1002,APPROVED
PCARD-202609-53959Z,32,2026-09-08,2100,P-Card Clearing Liability,5200,0.00,300.00,USD,SALESFORCE | R-2016,R-2016,E1002,APPROVED
PCARD-202609-53959Z,33,2026-09-15,6310,Meals,5200,96.40,0.00,USD,PANERA BREAD | R-2017,R-2017,E1002,APPROVED
PCARD-202609-53959Z,34,2026-09-15,2100,P-Card Clearing Liability,5200,0.00,96.40,USD,PANERA BREAD | R-2017,R-2017,E1002,APPROVED
PCARD-202609-53959Z,35,2026-09-17,6210,Software & Subscriptions,5200,149.90,0.00,USD,ZOOM VIDEO | R-2018,R-2018,E1002,APPROVED
PCARD-202609-53959Z,36,2026-09-17,2100,P-Card Clearing Liability,5200,0.00,149.90,USD,ZOOM VIDEO | R-2018,R-2018,E1002,APPROVED
PCARD-202609-53959Z,37,2026-09-21,1450,Employee Receivable - Unapproved P-Card,5200,1120.00,0.00,USD,UNITED AIRLINES | R-2019,R-2019,E1002,FLAGGED
PCARD-202609-53959Z,38,2026-09-21,2100,P-Card Clearing Liability,5200,0.00,1120.00,USD,UNITED AIRLINES | R-2019,R-2019,E1002,FLAGGED
PCARD-202609-53959Z,39,2026-09-23,6110,Office Supplies,5200,64.30,0.00,USD,STAPLES | R-2020,R-2020,E1002,APPROVED
PCARD-202609-53959Z,40,2026-09-23,2100,P-Card Clearing Liability,5200,0.00,64.30,USD,STAPLES | R-2020,R-2020,E1002,APPROVED
PCARD-202609-53959Z,41,2026-09-25,6323,Fuel,5200,58.10,0.00,USD,SHELL OIL | R-2021,R-2021,E1002,APPROVED
PCARD-202609-53959Z,42,2026-09-25,2100,P-Card Clearing Liability,5200,0.00,58.10,USD,SHELL OIL | R-2021,R-2021,E1002,APPROVED
PCARD-202609-53959Z,43,2026-09-11,1450,Employee Receivable - Unapproved P-Card,5200,500.00,0.00,USD,MGM GRAND CASINO | R-2022,R-2022,E1002,REJECTED
PCARD-202609-53959Z,44,2026-09-11,2100,P-Card Clearing Liability,5200,0.00,500.00,USD,MGM GRAND CASINO | R-2022,R-2022,E1002,REJECTED
PCARD-202609-53959Z,45,2026-09-18,1450,Employee Receivable - Unapproved P-Card,5200,386.00,0.00,USD,THE DRUNKEN PIG | R-2023,R-2023,E1002,FLAGGED
PCARD-202609-53959Z,46,2026-09-18,2100,P-Card Clearing Liability,5200,0.00,386.00,USD,THE DRUNKEN PIG | R-2023,R-2023,E1002,FLAGGED
PCARD-202609-53959Z,47,2026-09-01,6210,Software & Subscriptions,5300,119.99,0.00,USD,CANVA | R-2024,R-2024,E1003,APPROVED
PCARD-202609-53959Z,48,2026-09-01,2100,P-Card Clearing Liability,5300,0.00,119.99,USD,CANVA | R-2024,R-2024,E1003,APPROVED
PCARD-202609-53959Z,49,2026-09-02,6210,Software & Subscriptions,5300,450.00,0.00,USD,HUBSPOT | R-2025,R-2025,E1003,APPROVED
PCARD-202609-53959Z,50,2026-09-02,2100,P-Card Clearing Liability,5300,0.00,450.00,USD,HUBSPOT | R-2025,R-2025,E1003,APPROVED
PCARD-202609-53959Z,51,2026-09-08,6510,Advertising & Marketing,5300,1750.00,0.00,USD,FACEBOOK ADS | R-2026,R-2026,E1003,APPROVED
PCARD-202609-53959Z,52,2026-09-08,2100,P-Card Clearing Liability,5300,0.00,1750.00,USD,FACEBOOK ADS | R-2026,R-2026,E1003,APPROVED
PCARD-202609-53959Z,53,2026-09-09,2100,P-Card Clearing Liability,5300,250.00,0.00,USD,FACEBOOK ADS | R-2027,R-2027,E1003,APPROVED
PCARD-202609-53959Z,54,2026-09-09,6510,Advertising & Marketing,5300,0.00,250.00,USD,FACEBOOK ADS | R-2027,R-2027,E1003,APPROVED
PCARD-202609-53959Z,55,2026-09-14,6510,Advertising & Marketing,5300,1200.00,0.00,USD,LINKEDIN ADS | R-2028,R-2028,E1003,APPROVED
PCARD-202609-53959Z,56,2026-09-14,2100,P-Card Clearing Liability,5300,0.00,1200.00,USD,LINKEDIN ADS | R-2028,R-2028,E1003,APPROVED
PCARD-202609-53959Z,57,2026-09-15,6110,Office Supplies,5300,212.40,0.00,USD,VISTAPRINT | R-2029,R-2029,E1003,APPROVED
PCARD-202609-53959Z,58,2026-09-15,2100,P-Card Clearing Liability,5300,0.00,212.40,USD,VISTAPRINT | R-2029,R-2029,E1003,APPROVED
PCARD-202609-53959Z,59,2026-09-17,6310,Meals,5300,88.20,0.00,USD,PANERA BREAD | R-2030,R-2030,E1003,APPROVED
PCARD-202609-53959Z,60,2026-09-17,2100,P-Card Clearing Liability,5300,0.00,88.20,USD,PANERA BREAD | R-2030,R-2030,E1003,APPROVED
PCARD-202609-53959Z,61,2026-09-18,6210,Software & Subscriptions,5300,599.88,0.00,USD,ADOBE | R-2031,R-2031,E1003,APPROVED
PCARD-202609-53959Z,62,2026-09-18,2100,P-Card Clearing Liability,5300,0.00,599.88,USD,ADOBE | R-2031,R-2031,E1003,APPROVED
PCARD-202609-53959Z,63,2026-09-23,6220,Training & Education,5300,79.00,0.00,USD,EVENTBRITE | R-2032,R-2032,E1003,APPROVED
PCARD-202609-53959Z,64,2026-09-23,2100,P-Card Clearing Liability,5300,0.00,79.00,USD,EVENTBRITE | R-2032,R-2032,E1003,APPROVED
PCARD-202609-53959Z,65,2026-09-14,1450,Employee Receivable - Unapproved P-Card,5300,890.00,0.00,USD,TIFFANY & CO | R-2033,R-2033,E1003,REJECTED
PCARD-202609-53959Z,66,2026-09-14,2100,P-Card Clearing Liability,5300,0.00,890.00,USD,TIFFANY & CO | R-2033,R-2033,E1003,REJECTED
PCARD-202609-53959Z,67,2026-09-01,6410,Facilities & Maintenance,6100,342.18,0.00,USD,HOME DEPOT | R-2034,R-2034,E1004,APPROVED
PCARD-202609-53959Z,68,2026-09-01,2100,P-Card Clearing Liability,6100,0.00,342.18,USD,HOME DEPOT | R-2034,R-2034,E1004,APPROVED
PCARD-202609-53959Z,69,2026-09-03,6410,Facilities & Maintenance,6100,2240.00,0.00,USD,GRAINGER | R-2035,R-2035,E1004,APPROVED
PCARD-202609-53959Z,70,2026-09-03,2100,P-Card Clearing Liability,6100,0.00,2240.00,USD,GRAINGER | R-2035,R-2035,E1004,APPROVED
PCARD-202609-53959Z,71,2026-09-08,6410,Facilities & Maintenance,6100,128.40,0.00,USD,HOME DEPOT | R-2036,R-2036,E1004,APPROVED
PCARD-202609-53959Z,72,2026-09-08,2100,P-Card Clearing Liability,6100,0.00,128.40,USD,HOME DEPOT | R-2036,R-2036,E1004,APPROVED
PCARD-202609-53959Z,73,2026-09-10,6323,Fuel,6100,74.20,0.00,USD,SHELL OIL | R-2037,R-2037,E1004,APPROVED
PCARD-202609-53959Z,74,2026-09-10,2100,P-Card Clearing Liability,6100,0.00,74.20,USD,SHELL OIL | R-2037,R-2037,E1004,APPROVED
PCARD-202609-53959Z,75,2026-09-15,6410,Facilities & Maintenance,6100,615.50,0.00,USD,FASTENAL | R-2038,R-2038,E1004,APPROVED
PCARD-202609-53959Z,76,2026-09-15,2100,P-Card Clearing Liability,6100,0.00,615.50,USD,FASTENAL | R-2038,R-2038,E1004,APPROVED
PCARD-202609-53959Z,77,2026-09-17,6410,Facilities & Maintenance,6100,89.60,0.00,USD,LOWES | R-2039,R-2039,E1004,APPROVED
PCARD-202609-53959Z,78,2026-09-17,2100,P-Card Clearing Liability,6100,0.00,89.60,USD,LOWES | R-2039,R-2039,E1004,APPROVED
PCARD-202609-53959Z,79,2026-09-21,6110,Office Supplies,6100,412.00,0.00,USD,ULINE | R-2040,R-2040,E1004,APPROVED
PCARD-202609-53959Z,80,2026-09-21,2100,P-Card Clearing Liability,6100,0.00,412.00,USD,ULINE | R-2040,R-2040,E1004,APPROVED
PCARD-202609-53959Z,81,2026-09-23,6323,Fuel,6100,68.75,0.00,USD,SHELL OIL | R-2041,R-2041,E1004,APPROVED
PCARD-202609-53959Z,82,2026-09-23,2100,P-Card Clearing Liability,6100,0.00,68.75,USD,SHELL OIL | R-2041,R-2041,E1004,APPROVED
PCARD-202609-53959Z,83,2026-09-25,6410,Facilities & Maintenance,6100,1180.00,0.00,USD,GRAINGER | R-2042,R-2042,E1004,APPROVED
PCARD-202609-53959Z,84,2026-09-25,2100,P-Card Clearing Liability,6100,0.00,1180.00,USD,GRAINGER | R-2042,R-2042,E1004,APPROVED
PCARD-202609-53959Z,85,2026-09-02,6210,Software & Subscriptions,7100,149.90,0.00,USD,ZOOM VIDEO | R-2043,R-2043,E1005,APPROVED
PCARD-202609-53959Z,86,2026-09-02,2100,P-Card Clearing Liability,7100,0.00,149.90,USD,ZOOM VIDEO | R-2043,R-2043,E1005,APPROVED
PCARD-202609-53959Z,87,2026-09-09,6220,Training & Education,7100,199.00,0.00,USD,CFI EDUCATION | R-2044,R-2044,E1005,APPROVED
PCARD-202609-53959Z,88,2026-09-09,2100,P-Card Clearing Liability,7100,0.00,199.00,USD,CFI EDUCATION | R-2044,R-2044,E1005,APPROVED
PCARD-202609-53959Z,89,2026-09-11,6110,Office Supplies,7100,96.30,0.00,USD,STAPLES | R-2045,R-2045,E1005,APPROVED
PCARD-202609-53959Z,90,2026-09-11,2100,P-Card Clearing Liability,7100,0.00,96.30,USD,STAPLES | R-2045,R-2045,E1005,APPROVED
PCARD-202609-53959Z,91,2026-09-15,6120,Computer Equipment (Expensed),7100,899.00,0.00,USD,APPLE STORE | R-2046,R-2046,E1005,APPROVED
PCARD-202609-53959Z,92,2026-09-15,2100,P-Card Clearing Liability,7100,0.00,899.00,USD,APPLE STORE | R-2046,R-2046,E1005,APPROVED
PCARD-202609-53959Z,93,2026-09-22,6210,Software & Subscriptions,7100,160.00,0.00,USD,NOTION | R-2047,R-2047,E1005,APPROVED
PCARD-202609-53959Z,94,2026-09-22,2100,P-Card Clearing Liability,7100,0.00,160.00,USD,NOTION | R-2047,R-2047,E1005,APPROVED
PCARD-202609-53959Z,95,2026-09-24,6999,Miscellaneous Expense,7100,187.40,0.00,USD,AMAZON MKTPLACE | R-2048,R-2048,E1005,APPROVED
PCARD-202609-53959Z,96,2026-09-24,2100,P-Card Clearing Liability,7100,0.00,187.40,USD,AMAZON MKTPLACE | R-2048,R-2048,E1005,APPROVED
PCARD-202609-53959Z,97,2026-09-16,1450,Employee Receivable - Unapproved P-Card,5200,62.10,0.00,USD,SHELL OIL | R-2049,R-2049,E1006,REJECTED
PCARD-202609-53959Z,98,2026-09-16,2100,P-Card Clearing Liability,5200,0.00,62.10,USD,SHELL OIL | R-2049,R-2049,E1006,REJECTED
PCARD-202609-53959Z,99,2026-09-25,6210,Software & Subscriptions,4100,200.00,0.00,USD,CLOUDFLARE | R-2050,R-2050,E1001,APPROVED
PCARD-202609-53959Z,100,2026-09-25,2100,P-Card Clearing Liability,4100,0.00,200.00,USD,CLOUDFLARE | R-2050,R-2050,E1001,APPROVED
